"","cell_age","cell_type"
"young_LT_HSC_2","young","LT"
"young_LT_HSC_6","young","LT"
"young_LT_HSC_8","young","LT"
"young_LT_HSC_9","young","LT"
"young_LT_HSC_10","young","LT"
"young_LT_HSC_11","young","LT"
"young_LT_HSC_12","young","LT"
"young_LT_HSC_14","young","LT"
"young_LT_HSC_15","young","LT"
"young_LT_HSC_16","young","LT"
"young_LT_HSC_17","young","LT"
"young_LT_HSC_18","young","LT"
"young_LT_HSC_19","young","LT"
"young_LT_HSC_20","young","LT"
"young_LT_HSC_21","young","LT"
"young_LT_HSC_22","young","LT"
"young_LT_HSC_23","young","LT"
"young_LT_HSC_24","young","LT"
"young_LT_HSC_26","young","LT"
"young_LT_HSC_28","young","LT"
"young_LT_HSC_25","young","LT"
"young_LT_HSC_30","young","LT"
"young_LT_HSC_31","young","LT"
"young_LT_HSC_32","young","LT"
"young_LT_HSC_33","young","LT"
"young_LT_HSC_34","young","LT"
"young_LT_HSC_35","young","LT"
"young_LT_HSC_36","young","LT"
"young_LT_HSC_38","young","LT"
"young_LT_HSC_40","young","LT"
"young_LT_HSC_37","young","LT"
"young_LT_HSC_41","young","LT"
"young_LT_HSC_42","young","LT"
"young_LT_HSC_43","young","LT"
"young_LT_HSC_44","young","LT"
"young_LT_HSC_45","young","LT"
"young_LT_HSC_46","young","LT"
"young_LT_HSC_47","young","LT"
"young_LT_HSC_48","young","LT"
"young_LT_HSC_50","young","LT"
"young_LT_HSC_51","young","LT"
"young_LT_HSC_49","young","LT"
"young_LT_HSC_53","young","LT"
"young_LT_HSC_54","young","LT"
"young_LT_HSC_55","young","LT"
"young_LT_HSC_56","young","LT"
"young_LT_HSC_57","young","LT"
"young_LT_HSC_58","young","LT"
"young_LT_HSC_59","young","LT"
"young_LT_HSC_60","young","LT"
"young_LT_HSC_62","young","LT"
"young_LT_HSC_63","young","LT"
"young_LT_HSC_64","young","LT"
"young_LT_HSC_61","young","LT"
"young_LT_HSC_65","young","LT"
"young_LT_HSC_66","young","LT"
"young_LT_HSC_67","young","LT"
"young_LT_HSC_68","young","LT"
"young_LT_HSC_69","young","LT"
"young_LT_HSC_70","young","LT"
"young_LT_HSC_71","young","LT"
"young_LT_HSC_72","young","LT"
"young_LT_HSC_74","young","LT"
"young_LT_HSC_75","young","LT"
"young_LT_HSC_76","young","LT"
"young_LT_HSC_73","young","LT"
"young_LT_HSC_78","young","LT"
"young_LT_HSC_80","young","LT"
"young_LT_HSC_81","young","LT"
"young_LT_HSC_82","young","LT"
"young_LT_HSC_83","young","LT"
"young_LT_HSC_84","young","LT"
"young_LT_HSC_86","young","LT"
"young_LT_HSC_87","young","LT"
"young_LT_HSC_88","young","LT"
"young_LT_HSC_89","young","LT"
"young_LT_HSC_90","young","LT"
"young_LT_HSC_91","young","LT"
"young_LT_HSC_92","young","LT"
"young_LT_HSC_93","young","LT"
"young_LT_HSC_94","young","LT"
"young_LT_HSC_95","young","LT"
"young_LT_HSC_96","young","LT"
"young_LT_HSC_101","young","LT"
"young_LT_HSC_102","young","LT"
"young_LT_HSC_104","young","LT"
"young_LT_HSC_107","young","LT"
"young_LT_HSC_108","young","LT"
"young_LT_HSC_110","young","LT"
"young_LT_HSC_111","young","LT"
"young_LT_HSC_112","young","LT"
"young_LT_HSC_109","young","LT"
"young_LT_HSC_113","young","LT"
"young_LT_HSC_114","young","LT"
"young_LT_HSC_115","young","LT"
"young_LT_HSC_116","young","LT"
"young_LT_HSC_117","young","LT"
"young_LT_HSC_118","young","LT"
"young_LT_HSC_119","young","LT"
"young_LT_HSC_122","young","LT"
"young_LT_HSC_123","young","LT"
"young_LT_HSC_121","young","LT"
"young_LT_HSC_125","young","LT"
"young_LT_HSC_126","young","LT"
"young_LT_HSC_127","young","LT"
"young_LT_HSC_128","young","LT"
"young_LT_HSC_129","young","LT"
"young_LT_HSC_130","young","LT"
"young_LT_HSC_131","young","LT"
"young_LT_HSC_132","young","LT"
"young_LT_HSC_134","young","LT"
"young_LT_HSC_135","young","LT"
"young_LT_HSC_136","young","LT"
"young_LT_HSC_133","young","LT"
"young_LT_HSC_137","young","LT"
"young_LT_HSC_138","young","LT"
"young_LT_HSC_139","young","LT"
"young_LT_HSC_140","young","LT"
"young_LT_HSC_141","young","LT"
"young_LT_HSC_142","young","LT"
"young_LT_HSC_143","young","LT"
"young_LT_HSC_144","young","LT"
"young_LT_HSC_146","young","LT"
"young_LT_HSC_147","young","LT"
"young_LT_HSC_148","young","LT"
"young_LT_HSC_145","young","LT"
"young_LT_HSC_149","young","LT"
"young_LT_HSC_150","young","LT"
"young_LT_HSC_151","young","LT"
"young_LT_HSC_152","young","LT"
"young_LT_HSC_153","young","LT"
"young_LT_HSC_154","young","LT"
"young_LT_HSC_155","young","LT"
"young_LT_HSC_156","young","LT"
"young_LT_HSC_158","young","LT"
"young_LT_HSC_159","young","LT"
"young_LT_HSC_160","young","LT"
"young_LT_HSC_157","young","LT"
"young_LT_HSC_161","young","LT"
"young_LT_HSC_162","young","LT"
"young_LT_HSC_163","young","LT"
"young_LT_HSC_164","young","LT"
"young_LT_HSC_165","young","LT"
"young_LT_HSC_166","young","LT"
"young_LT_HSC_167","young","LT"
"young_LT_HSC_170","young","LT"
"young_LT_HSC_171","young","LT"
"young_LT_HSC_172","young","LT"
"young_LT_HSC_169","young","LT"
"young_LT_HSC_173","young","LT"
"young_LT_HSC_174","young","LT"
"young_LT_HSC_175","young","LT"
"young_LT_HSC_176","young","LT"
"young_LT_HSC_177","young","LT"
"young_LT_HSC_178","young","LT"
"young_LT_HSC_179","young","LT"
"young_LT_HSC_182","young","LT"
"young_LT_HSC_183","young","LT"
"young_LT_HSC_184","young","LT"
"young_LT_HSC_185","young","LT"
"young_LT_HSC_186","young","LT"
"young_LT_HSC_187","young","LT"
"young_LT_HSC_188","young","LT"
"young_LT_HSC_189","young","LT"
"young_LT_HSC_190","young","LT"
"young_LT_HSC_191","young","LT"
"young_LT_HSC_192","young","LT"
"young_ST_HSC_3","young","ST"
"young_ST_HSC_5","young","ST"
"young_ST_HSC_6","young","ST"
"young_ST_HSC_7","young","ST"
"young_ST_HSC_8","young","ST"
"young_ST_HSC_9","young","ST"
"young_ST_HSC_10","young","ST"
"young_ST_HSC_11","young","ST"
"young_ST_HSC_12","young","ST"
"young_ST_HSC_14","young","ST"
"young_ST_HSC_15","young","ST"
"young_ST_HSC_16","young","ST"
"young_ST_HSC_13","young","ST"
"young_ST_HSC_18","young","ST"
"young_ST_HSC_19","young","ST"
"young_ST_HSC_21","young","ST"
"young_ST_HSC_22","young","ST"
"young_ST_HSC_23","young","ST"
"young_ST_HSC_26","young","ST"
"young_ST_HSC_27","young","ST"
"young_ST_HSC_28","young","ST"
"young_ST_HSC_25","young","ST"
"young_ST_HSC_30","young","ST"
"young_ST_HSC_32","young","ST"
"young_ST_HSC_33","young","ST"
"young_ST_HSC_35","young","ST"
"young_ST_HSC_36","young","ST"
"young_ST_HSC_38","young","ST"
"young_ST_HSC_39","young","ST"
"young_ST_HSC_40","young","ST"
"young_ST_HSC_41","young","ST"
"young_ST_HSC_42","young","ST"
"young_ST_HSC_43","young","ST"
"young_ST_HSC_44","young","ST"
"young_ST_HSC_45","young","ST"
"young_ST_HSC_46","young","ST"
"young_ST_HSC_47","young","ST"
"young_ST_HSC_50","young","ST"
"young_ST_HSC_51","young","ST"
"young_ST_HSC_52","young","ST"
"young_ST_HSC_53","young","ST"
"young_ST_HSC_54","young","ST"
"young_ST_HSC_57","young","ST"
"young_ST_HSC_58","young","ST"
"young_ST_HSC_59","young","ST"
"young_ST_HSC_60","young","ST"
"young_ST_HSC_63","young","ST"
"young_ST_HSC_64","young","ST"
"young_ST_HSC_61","young","ST"
"young_ST_HSC_65","young","ST"
"young_ST_HSC_66","young","ST"
"young_ST_HSC_67","young","ST"
"young_ST_HSC_68","young","ST"
"young_ST_HSC_69","young","ST"
"young_ST_HSC_70","young","ST"
"young_ST_HSC_71","young","ST"
"young_ST_HSC_72","young","ST"
"young_ST_HSC_74","young","ST"
"young_ST_HSC_75","young","ST"
"young_ST_HSC_73","young","ST"
"young_ST_HSC_77","young","ST"
"young_ST_HSC_78","young","ST"
"young_ST_HSC_79","young","ST"
"young_ST_HSC_80","young","ST"
"young_ST_HSC_82","young","ST"
"young_ST_HSC_83","young","ST"
"young_ST_HSC_84","young","ST"
"young_ST_HSC_86","young","ST"
"young_ST_HSC_87","young","ST"
"young_ST_HSC_88","young","ST"
"young_ST_HSC_89","young","ST"
"young_ST_HSC_90","young","ST"
"young_ST_HSC_91","young","ST"
"young_ST_HSC_92","young","ST"
"young_ST_HSC_93","young","ST"
"young_ST_HSC_94","young","ST"
"young_ST_HSC_95","young","ST"
"young_ST_HSC_96","young","ST"
"young_ST_HSC_99","young","ST"
"young_ST_HSC_101","young","ST"
"young_ST_HSC_102","young","ST"
"young_ST_HSC_104","young","ST"
"young_ST_HSC_106","young","ST"
"young_ST_HSC_107","young","ST"
"young_ST_HSC_108","young","ST"
"young_ST_HSC_110","young","ST"
"young_ST_HSC_111","young","ST"
"young_ST_HSC_112","young","ST"
"young_ST_HSC_109","young","ST"
"young_ST_HSC_113","young","ST"
"young_ST_HSC_114","young","ST"
"young_ST_HSC_115","young","ST"
"young_ST_HSC_116","young","ST"
"young_ST_HSC_117","young","ST"
"young_ST_HSC_118","young","ST"
"young_ST_HSC_119","young","ST"
"young_ST_HSC_122","young","ST"
"young_ST_HSC_124","young","ST"
"young_ST_HSC_121","young","ST"
"young_ST_HSC_125","young","ST"
"young_ST_HSC_126","young","ST"
"young_ST_HSC_127","young","ST"
"young_ST_HSC_128","young","ST"
"young_ST_HSC_129","young","ST"
"young_ST_HSC_130","young","ST"
"young_ST_HSC_131","young","ST"
"young_ST_HSC_132","young","ST"
"young_ST_HSC_134","young","ST"
"young_ST_HSC_135","young","ST"
"young_ST_HSC_136","young","ST"
"young_ST_HSC_133","young","ST"
"young_ST_HSC_137","young","ST"
"young_ST_HSC_138","young","ST"
"young_ST_HSC_139","young","ST"
"young_ST_HSC_140","young","ST"
"young_ST_HSC_141","young","ST"
"young_ST_HSC_142","young","ST"
"young_ST_HSC_143","young","ST"
"young_ST_HSC_144","young","ST"
"young_ST_HSC_146","young","ST"
"young_ST_HSC_147","young","ST"
"young_ST_HSC_148","young","ST"
"young_ST_HSC_145","young","ST"
"young_ST_HSC_149","young","ST"
"young_ST_HSC_150","young","ST"
"young_ST_HSC_151","young","ST"
"young_ST_HSC_153","young","ST"
"young_ST_HSC_154","young","ST"
"young_ST_HSC_155","young","ST"
"young_ST_HSC_156","young","ST"
"young_ST_HSC_158","young","ST"
"young_ST_HSC_159","young","ST"
"young_ST_HSC_160","young","ST"
"young_ST_HSC_157","young","ST"
"young_ST_HSC_162","young","ST"
"young_ST_HSC_163","young","ST"
"young_ST_HSC_164","young","ST"
"young_ST_HSC_165","young","ST"
"young_ST_HSC_166","young","ST"
"young_ST_HSC_167","young","ST"
"young_ST_HSC_168","young","ST"
"young_ST_HSC_170","young","ST"
"young_ST_HSC_171","young","ST"
"young_ST_HSC_172","young","ST"
"young_ST_HSC_169","young","ST"
"young_ST_HSC_173","young","ST"
"young_ST_HSC_174","young","ST"
"young_ST_HSC_175","young","ST"
"young_ST_HSC_176","young","ST"
"young_ST_HSC_177","young","ST"
"young_ST_HSC_178","young","ST"
"young_ST_HSC_179","young","ST"
"young_ST_HSC_182","young","ST"
"young_ST_HSC_183","young","ST"
"young_ST_HSC_184","young","ST"
"young_ST_HSC_185","young","ST"
"young_ST_HSC_186","young","ST"
"young_ST_HSC_187","young","ST"
"young_ST_HSC_188","young","ST"
"young_ST_HSC_189","young","ST"
"young_ST_HSC_190","young","ST"
"young_ST_HSC_191","young","ST"
"young_ST_HSC_192","young","ST"
"young_MPP_2","young","MPP"
"young_MPP_5","young","MPP"
"young_MPP_6","young","MPP"
"young_MPP_8","young","MPP"
"young_MPP_9","young","MPP"
"young_MPP_10","young","MPP"
"young_MPP_11","young","MPP"
"young_MPP_12","young","MPP"
"young_MPP_14","young","MPP"
"young_MPP_15","young","MPP"
"young_MPP_16","young","MPP"
"young_MPP_13","young","MPP"
"young_MPP_17","young","MPP"
"young_MPP_18","young","MPP"
"young_MPP_19","young","MPP"
"young_MPP_20","young","MPP"
"young_MPP_21","young","MPP"
"young_MPP_22","young","MPP"
"young_MPP_23","young","MPP"
"young_MPP_24","young","MPP"
"young_MPP_26","young","MPP"
"young_MPP_27","young","MPP"
"young_MPP_28","young","MPP"
"young_MPP_25","young","MPP"
"young_MPP_29","young","MPP"
"young_MPP_30","young","MPP"
"young_MPP_31","young","MPP"
"young_MPP_32","young","MPP"
"young_MPP_33","young","MPP"
"young_MPP_34","young","MPP"
"young_MPP_35","young","MPP"
"young_MPP_36","young","MPP"
"young_MPP_38","young","MPP"
"young_MPP_39","young","MPP"
"young_MPP_40","young","MPP"
"young_MPP_37","young","MPP"
"young_MPP_41","young","MPP"
"young_MPP_42","young","MPP"
"young_MPP_43","young","MPP"
"young_MPP_44","young","MPP"
"young_MPP_45","young","MPP"
"young_MPP_46","young","MPP"
"young_MPP_47","young","MPP"
"young_MPP_48","young","MPP"
"young_MPP_50","young","MPP"
"young_MPP_51","young","MPP"
"young_MPP_52","young","MPP"
"young_MPP_54","young","MPP"
"young_MPP_55","young","MPP"
"young_MPP_56","young","MPP"
"young_MPP_57","young","MPP"
"young_MPP_58","young","MPP"
"young_MPP_59","young","MPP"
"young_MPP_60","young","MPP"
"young_MPP_62","young","MPP"
"young_MPP_63","young","MPP"
"young_MPP_64","young","MPP"
"young_MPP_65","young","MPP"
"young_MPP_66","young","MPP"
"young_MPP_67","young","MPP"
"young_MPP_68","young","MPP"
"young_MPP_69","young","MPP"
"young_MPP_70","young","MPP"
"young_MPP_71","young","MPP"
"young_MPP_72","young","MPP"
"young_MPP_74","young","MPP"
"young_MPP_75","young","MPP"
"young_MPP_76","young","MPP"
"young_MPP_73","young","MPP"
"young_MPP_77","young","MPP"
"young_MPP_78","young","MPP"
"young_MPP_79","young","MPP"
"young_MPP_80","young","MPP"
"young_MPP_81","young","MPP"
"young_MPP_82","young","MPP"
"young_MPP_83","young","MPP"
"young_MPP_86","young","MPP"
"young_MPP_87","young","MPP"
"young_MPP_88","young","MPP"
"young_MPP_85","young","MPP"
"young_MPP_89","young","MPP"
"young_MPP_90","young","MPP"
"young_MPP_91","young","MPP"
"young_MPP_92","young","MPP"
"young_MPP_93","young","MPP"
"young_MPP_94","young","MPP"
"young_MPP_96","young","MPP"
"young_MPP_98","young","MPP"
"young_MPP_102","young","MPP"
"young_MPP_104","young","MPP"
"young_MPP_107","young","MPP"
"young_MPP_108","young","MPP"
"young_MPP_110","young","MPP"
"young_MPP_111","young","MPP"
"young_MPP_109","young","MPP"
"young_MPP_113","young","MPP"
"young_MPP_114","young","MPP"
"young_MPP_115","young","MPP"
"young_MPP_116","young","MPP"
"young_MPP_117","young","MPP"
"young_MPP_118","young","MPP"
"young_MPP_119","young","MPP"
"young_MPP_120","young","MPP"
"young_MPP_122","young","MPP"
"young_MPP_123","young","MPP"
"young_MPP_124","young","MPP"
"young_MPP_121","young","MPP"
"young_MPP_125","young","MPP"
"young_MPP_126","young","MPP"
"young_MPP_127","young","MPP"
"young_MPP_128","young","MPP"
"young_MPP_129","young","MPP"
"young_MPP_130","young","MPP"
"young_MPP_134","young","MPP"
"young_MPP_135","young","MPP"
"young_MPP_136","young","MPP"
"young_MPP_137","young","MPP"
"young_MPP_138","young","MPP"
"young_MPP_139","young","MPP"
"young_MPP_140","young","MPP"
"young_MPP_141","young","MPP"
"young_MPP_142","young","MPP"
"young_MPP_143","young","MPP"
"young_MPP_144","young","MPP"
"young_MPP_146","young","MPP"
"young_MPP_147","young","MPP"
"young_MPP_148","young","MPP"
"young_MPP_145","young","MPP"
"young_MPP_150","young","MPP"
"young_MPP_151","young","MPP"
"young_MPP_152","young","MPP"
"young_MPP_153","young","MPP"
"young_MPP_154","young","MPP"
"young_MPP_155","young","MPP"
"young_MPP_156","young","MPP"
"young_MPP_158","young","MPP"
"young_MPP_159","young","MPP"
"young_MPP_160","young","MPP"
"young_MPP_157","young","MPP"
"young_MPP_161","young","MPP"
"young_MPP_162","young","MPP"
"young_MPP_163","young","MPP"
"young_MPP_164","young","MPP"
"young_MPP_165","young","MPP"
"young_MPP_166","young","MPP"
"young_MPP_167","young","MPP"
"young_MPP_168","young","MPP"
"young_MPP_170","young","MPP"
"young_MPP_171","young","MPP"
"young_MPP_172","young","MPP"
"young_MPP_169","young","MPP"
"young_MPP_173","young","MPP"
"young_MPP_174","young","MPP"
"young_MPP_176","young","MPP"
"young_MPP_177","young","MPP"
"young_MPP_178","young","MPP"
"young_MPP_179","young","MPP"
"young_MPP_180","young","MPP"
"young_MPP_182","young","MPP"
"young_MPP_183","young","MPP"
"young_MPP_184","young","MPP"
"young_MPP_185","young","MPP"
"young_MPP_186","young","MPP"
"young_MPP_187","young","MPP"
"young_MPP_188","young","MPP"
"young_MPP_189","young","MPP"
"young_MPP_190","young","MPP"
"young_MPP_191","young","MPP"
"old_LT_HSC_2","old","LT"
"old_LT_HSC_3","old","LT"
"old_LT_HSC_4","old","LT"
"old_LT_HSC_1","old","LT"
"old_LT_HSC_6","old","LT"
"old_LT_HSC_7","old","LT"
"old_LT_HSC_8","old","LT"
"old_LT_HSC_9","old","LT"
"old_LT_HSC_10","old","LT"
"old_LT_HSC_11","old","LT"
"old_LT_HSC_12","old","LT"
"old_LT_HSC_14","old","LT"
"old_LT_HSC_15","old","LT"
"old_LT_HSC_16","old","LT"
"old_LT_HSC_13","old","LT"
"old_LT_HSC_17","old","LT"
"old_LT_HSC_18","old","LT"
"old_LT_HSC_19","old","LT"
"old_LT_HSC_20","old","LT"
"old_LT_HSC_21","old","LT"
"old_LT_HSC_22","old","LT"
"old_LT_HSC_23","old","LT"
"old_LT_HSC_26","old","LT"
"old_LT_HSC_27","old","LT"
"old_LT_HSC_28","old","LT"
"old_LT_HSC_25","old","LT"
"old_LT_HSC_30","old","LT"
"old_LT_HSC_31","old","LT"
"old_LT_HSC_32","old","LT"
"old_LT_HSC_33","old","LT"
"old_LT_HSC_34","old","LT"
"old_LT_HSC_35","old","LT"
"old_LT_HSC_38","old","LT"
"old_LT_HSC_39","old","LT"
"old_LT_HSC_40","old","LT"
"old_LT_HSC_37","old","LT"
"old_LT_HSC_41","old","LT"
"old_LT_HSC_42","old","LT"
"old_LT_HSC_43","old","LT"
"old_LT_HSC_44","old","LT"
"old_LT_HSC_45","old","LT"
"old_LT_HSC_46","old","LT"
"old_LT_HSC_47","old","LT"
"old_LT_HSC_48","old","LT"
"old_LT_HSC_50","old","LT"
"old_LT_HSC_51","old","LT"
"old_LT_HSC_49","old","LT"
"old_LT_HSC_53","old","LT"
"old_LT_HSC_54","old","LT"
"old_LT_HSC_55","old","LT"
"old_LT_HSC_56","old","LT"
"old_LT_HSC_57","old","LT"
"old_LT_HSC_58","old","LT"
"old_LT_HSC_59","old","LT"
"old_LT_HSC_60","old","LT"
"old_LT_HSC_74","old","LT"
"old_LT_HSC_75","old","LT"
"old_LT_HSC_76","old","LT"
"old_LT_HSC_73","old","LT"
"old_LT_HSC_77","old","LT"
"old_LT_HSC_78","old","LT"
"old_LT_HSC_79","old","LT"
"old_LT_HSC_80","old","LT"
"old_LT_HSC_81","old","LT"
"old_LT_HSC_82","old","LT"
"old_LT_HSC_83","old","LT"
"old_LT_HSC_84","old","LT"
"old_LT_HSC_86","old","LT"
"old_LT_HSC_87","old","LT"
"old_LT_HSC_88","old","LT"
"old_LT_HSC_85","old","LT"
"old_LT_HSC_89","old","LT"
"old_LT_HSC_90","old","LT"
"old_LT_HSC_91","old","LT"
"old_LT_HSC_92","old","LT"
"old_LT_HSC_93","old","LT"
"old_LT_HSC_94","old","LT"
"old_LT_HSC_95","old","LT"
"old_LT_HSC_96","old","LT"
"old_LT_HSC_98","old","LT"
"old_LT_HSC_99","old","LT"
"old_LT_HSC_97","old","LT"
"old_LT_HSC_101","old","LT"
"old_LT_HSC_102","old","LT"
"old_LT_HSC_104","old","LT"
"old_LT_HSC_105","old","LT"
"old_LT_HSC_106","old","LT"
"old_LT_HSC_107","old","LT"
"old_LT_HSC_108","old","LT"
"old_LT_HSC_110","old","LT"
"old_LT_HSC_111","old","LT"
"old_LT_HSC_112","old","LT"
"old_LT_HSC_109","old","LT"
"old_LT_HSC_113","old","LT"
"old_LT_HSC_114","old","LT"
"old_LT_HSC_115","old","LT"
"old_LT_HSC_116","old","LT"
"old_LT_HSC_117","old","LT"
"old_LT_HSC_118","old","LT"
"old_LT_HSC_119","old","LT"
"old_LT_HSC_120","old","LT"
"old_LT_HSC_122","old","LT"
"old_LT_HSC_123","old","LT"
"old_LT_HSC_124","old","LT"
"old_LT_HSC_121","old","LT"
"old_LT_HSC_125","old","LT"
"old_LT_HSC_126","old","LT"
"old_LT_HSC_127","old","LT"
"old_LT_HSC_128","old","LT"
"old_LT_HSC_129","old","LT"
"old_LT_HSC_130","old","LT"
"old_LT_HSC_131","old","LT"
"old_LT_HSC_132","old","LT"
"old_LT_HSC_134","old","LT"
"old_LT_HSC_135","old","LT"
"old_LT_HSC_136","old","LT"
"old_LT_HSC_133","old","LT"
"old_LT_HSC_137","old","LT"
"old_LT_HSC_138","old","LT"
"old_LT_HSC_139","old","LT"
"old_LT_HSC_140","old","LT"
"old_LT_HSC_141","old","LT"
"old_LT_HSC_142","old","LT"
"old_LT_HSC_144","old","LT"
"old_LT_HSC_146","old","LT"
"old_LT_HSC_147","old","LT"
"old_LT_HSC_148","old","LT"
"old_LT_HSC_145","old","LT"
"old_LT_HSC_149","old","LT"
"old_LT_HSC_150","old","LT"
"old_LT_HSC_151","old","LT"
"old_LT_HSC_152","old","LT"
"old_LT_HSC_153","old","LT"
"old_LT_HSC_154","old","LT"
"old_LT_HSC_155","old","LT"
"old_LT_HSC_156","old","LT"
"old_LT_HSC_170","old","LT"
"old_LT_HSC_171","old","LT"
"old_LT_HSC_172","old","LT"
"old_LT_HSC_169","old","LT"
"old_LT_HSC_173","old","LT"
"old_LT_HSC_174","old","LT"
"old_LT_HSC_175","old","LT"
"old_LT_HSC_176","old","LT"
"old_LT_HSC_177","old","LT"
"old_LT_HSC_178","old","LT"
"old_LT_HSC_179","old","LT"
"old_LT_HSC_180","old","LT"
"old_LT_HSC_183","old","LT"
"old_LT_HSC_184","old","LT"
"old_LT_HSC_181","old","LT"
"old_LT_HSC_185","old","LT"
"old_LT_HSC_186","old","LT"
"old_LT_HSC_187","old","LT"
"old_LT_HSC_188","old","LT"
"old_LT_HSC_189","old","LT"
"old_LT_HSC_190","old","LT"
"old_LT_HSC_191","old","LT"
"old_LT_HSC_192","old","LT"
"old_LT_HSC_62","old","LT"
"old_LT_HSC_63","old","LT"
"old_LT_HSC_64","old","LT"
"old_LT_HSC_61","old","LT"
"old_LT_HSC_65","old","LT"
"old_LT_HSC_66","old","LT"
"old_LT_HSC_67","old","LT"
"old_LT_HSC_68","old","LT"
"old_LT_HSC_69","old","LT"
"old_LT_HSC_70","old","LT"
"old_LT_HSC_71","old","LT"
"old_LT_HSC_72","old","LT"
"old_LT_HSC_158","old","LT"
"old_LT_HSC_159","old","LT"
"old_LT_HSC_160","old","LT"
"old_LT_HSC_157","old","LT"
"old_LT_HSC_161","old","LT"
"old_LT_HSC_162","old","LT"
"old_LT_HSC_163","old","LT"
"old_LT_HSC_164","old","LT"
"old_LT_HSC_165","old","LT"
"old_LT_HSC_166","old","LT"
"old_LT_HSC_167","old","LT"
"old_LT_HSC_168","old","LT"
"old_ST_HSC_2","old","ST"
"old_ST_HSC_3","old","ST"
"old_ST_HSC_4","old","ST"
"old_ST_HSC_1","old","ST"
"old_ST_HSC_5","old","ST"
"old_ST_HSC_6","old","ST"
"old_ST_HSC_7","old","ST"
"old_ST_HSC_8","old","ST"
"old_ST_HSC_9","old","ST"
"old_ST_HSC_10","old","ST"
"old_ST_HSC_11","old","ST"
"old_ST_HSC_12","old","ST"
"old_ST_HSC_14","old","ST"
"old_ST_HSC_15","old","ST"
"old_ST_HSC_16","old","ST"
"old_ST_HSC_13","old","ST"
"old_ST_HSC_17","old","ST"
"old_ST_HSC_18","old","ST"
"old_ST_HSC_19","old","ST"
"old_ST_HSC_20","old","ST"
"old_ST_HSC_21","old","ST"
"old_ST_HSC_22","old","ST"
"old_ST_HSC_23","old","ST"
"old_ST_HSC_24","old","ST"
"old_ST_HSC_26","old","ST"
"old_ST_HSC_27","old","ST"
"old_ST_HSC_28","old","ST"
"old_ST_HSC_25","old","ST"
"old_ST_HSC_29","old","ST"
"old_ST_HSC_30","old","ST"
"old_ST_HSC_31","old","ST"
"old_ST_HSC_32","old","ST"
"old_ST_HSC_33","old","ST"
"old_ST_HSC_34","old","ST"
"old_ST_HSC_35","old","ST"
"old_ST_HSC_36","old","ST"
"old_ST_HSC_38","old","ST"
"old_ST_HSC_39","old","ST"
"old_ST_HSC_40","old","ST"
"old_ST_HSC_37","old","ST"
"old_ST_HSC_41","old","ST"
"old_ST_HSC_42","old","ST"
"old_ST_HSC_43","old","ST"
"old_ST_HSC_44","old","ST"
"old_ST_HSC_45","old","ST"
"old_ST_HSC_46","old","ST"
"old_ST_HSC_47","old","ST"
"old_ST_HSC_48","old","ST"
"old_ST_HSC_50","old","ST"
"old_ST_HSC_51","old","ST"
"old_ST_HSC_52","old","ST"
"old_ST_HSC_49","old","ST"
"old_ST_HSC_53","old","ST"
"old_ST_HSC_54","old","ST"
"old_ST_HSC_55","old","ST"
"old_ST_HSC_56","old","ST"
"old_ST_HSC_57","old","ST"
"old_ST_HSC_58","old","ST"
"old_ST_HSC_59","old","ST"
"old_ST_HSC_60","old","ST"
"old_ST_HSC_74","old","ST"
"old_ST_HSC_75","old","ST"
"old_ST_HSC_76","old","ST"
"old_ST_HSC_73","old","ST"
"old_ST_HSC_77","old","ST"
"old_ST_HSC_78","old","ST"
"old_ST_HSC_79","old","ST"
"old_ST_HSC_80","old","ST"
"old_ST_HSC_81","old","ST"
"old_ST_HSC_82","old","ST"
"old_ST_HSC_83","old","ST"
"old_ST_HSC_84","old","ST"
"old_ST_HSC_86","old","ST"
"old_ST_HSC_87","old","ST"
"old_ST_HSC_88","old","ST"
"old_ST_HSC_85","old","ST"
"old_ST_HSC_89","old","ST"
"old_ST_HSC_90","old","ST"
"old_ST_HSC_91","old","ST"
"old_ST_HSC_92","old","ST"
"old_ST_HSC_93","old","ST"
"old_ST_HSC_94","old","ST"
"old_ST_HSC_95","old","ST"
"old_ST_HSC_96","old","ST"
"old_ST_HSC_98","old","ST"
"old_ST_HSC_99","old","ST"
"old_ST_HSC_100","old","ST"
"old_ST_HSC_97","old","ST"
"old_ST_HSC_101","old","ST"
"old_ST_HSC_102","old","ST"
"old_ST_HSC_103","old","ST"
"old_ST_HSC_104","old","ST"
"old_ST_HSC_105","old","ST"
"old_ST_HSC_107","old","ST"
"old_ST_HSC_108","old","ST"
"old_ST_HSC_110","old","ST"
"old_ST_HSC_111","old","ST"
"old_ST_HSC_112","old","ST"
"old_ST_HSC_109","old","ST"
"old_ST_HSC_113","old","ST"
"old_ST_HSC_114","old","ST"
"old_ST_HSC_115","old","ST"
"old_ST_HSC_116","old","ST"
"old_ST_HSC_117","old","ST"
"old_ST_HSC_118","old","ST"
"old_ST_HSC_119","old","ST"
"old_ST_HSC_120","old","ST"
"old_ST_HSC_122","old","ST"
"old_ST_HSC_123","old","ST"
"old_ST_HSC_124","old","ST"
"old_ST_HSC_121","old","ST"
"old_ST_HSC_125","old","ST"
"old_ST_HSC_126","old","ST"
"old_ST_HSC_127","old","ST"
"old_ST_HSC_128","old","ST"
"old_ST_HSC_129","old","ST"
"old_ST_HSC_130","old","ST"
"old_ST_HSC_131","old","ST"
"old_ST_HSC_132","old","ST"
"old_ST_HSC_134","old","ST"
"old_ST_HSC_135","old","ST"
"old_ST_HSC_136","old","ST"
"old_ST_HSC_133","old","ST"
"old_ST_HSC_137","old","ST"
"old_ST_HSC_138","old","ST"
"old_ST_HSC_139","old","ST"
"old_ST_HSC_140","old","ST"
"old_ST_HSC_141","old","ST"
"old_ST_HSC_142","old","ST"
"old_ST_HSC_143","old","ST"
"old_ST_HSC_144","old","ST"
"old_ST_HSC_146","old","ST"
"old_ST_HSC_147","old","ST"
"old_ST_HSC_148","old","ST"
"old_ST_HSC_145","old","ST"
"old_ST_HSC_149","old","ST"
"old_ST_HSC_150","old","ST"
"old_ST_HSC_151","old","ST"
"old_ST_HSC_152","old","ST"
"old_ST_HSC_153","old","ST"
"old_ST_HSC_154","old","ST"
"old_ST_HSC_155","old","ST"
"old_ST_HSC_156","old","ST"
"old_ST_HSC_170","old","ST"
"old_ST_HSC_171","old","ST"
"old_ST_HSC_172","old","ST"
"old_ST_HSC_169","old","ST"
"old_ST_HSC_173","old","ST"
"old_ST_HSC_174","old","ST"
"old_ST_HSC_175","old","ST"
"old_ST_HSC_176","old","ST"
"old_ST_HSC_177","old","ST"
"old_ST_HSC_179","old","ST"
"old_ST_HSC_180","old","ST"
"old_ST_HSC_182","old","ST"
"old_ST_HSC_183","old","ST"
"old_ST_HSC_181","old","ST"
"old_ST_HSC_185","old","ST"
"old_ST_HSC_186","old","ST"
"old_ST_HSC_187","old","ST"
"old_ST_HSC_188","old","ST"
"old_ST_HSC_189","old","ST"
"old_ST_HSC_190","old","ST"
"old_ST_HSC_191","old","ST"
"old_ST_HSC_192","old","ST"
"old_ST_HSC_62","old","ST"
"old_ST_HSC_63","old","ST"
"old_ST_HSC_64","old","ST"
"old_ST_HSC_61","old","ST"
"old_ST_HSC_65","old","ST"
"old_ST_HSC_66","old","ST"
"old_ST_HSC_67","old","ST"
"old_ST_HSC_68","old","ST"
"old_ST_HSC_69","old","ST"
"old_ST_HSC_70","old","ST"
"old_ST_HSC_71","old","ST"
"old_ST_HSC_72","old","ST"
"old_ST_HSC_158","old","ST"
"old_ST_HSC_159","old","ST"
"old_ST_HSC_160","old","ST"
"old_ST_HSC_157","old","ST"
"old_ST_HSC_161","old","ST"
"old_ST_HSC_162","old","ST"
"old_ST_HSC_163","old","ST"
"old_ST_HSC_164","old","ST"
"old_ST_HSC_165","old","ST"
"old_ST_HSC_166","old","ST"
"old_ST_HSC_167","old","ST"
"old_ST_HSC_168","old","ST"
"old_MPP_2","old","MPP"
"old_MPP_4","old","MPP"
"old_MPP_1","old","MPP"
"old_MPP_5","old","MPP"
"old_MPP_6","old","MPP"
"old_MPP_7","old","MPP"
"old_MPP_8","old","MPP"
"old_MPP_9","old","MPP"
"old_MPP_10","old","MPP"
"old_MPP_11","old","MPP"
"old_MPP_12","old","MPP"
"old_MPP_14","old","MPP"
"old_MPP_15","old","MPP"
"old_MPP_16","old","MPP"
"old_MPP_13","old","MPP"
"old_MPP_17","old","MPP"
"old_MPP_18","old","MPP"
"old_MPP_19","old","MPP"
"old_MPP_20","old","MPP"
"old_MPP_21","old","MPP"
"old_MPP_22","old","MPP"
"old_MPP_23","old","MPP"
"old_MPP_24","old","MPP"
"old_MPP_26","old","MPP"
"old_MPP_27","old","MPP"
"old_MPP_28","old","MPP"
"old_MPP_25","old","MPP"
"old_MPP_29","old","MPP"
"old_MPP_30","old","MPP"
"old_MPP_31","old","MPP"
"old_MPP_32","old","MPP"
"old_MPP_33","old","MPP"
"old_MPP_34","old","MPP"
"old_MPP_35","old","MPP"
"old_MPP_36","old","MPP"
"old_MPP_38","old","MPP"
"old_MPP_39","old","MPP"
"old_MPP_40","old","MPP"
"old_MPP_37","old","MPP"
"old_MPP_41","old","MPP"
"old_MPP_42","old","MPP"
"old_MPP_43","old","MPP"
"old_MPP_44","old","MPP"
"old_MPP_45","old","MPP"
"old_MPP_46","old","MPP"
"old_MPP_47","old","MPP"
"old_MPP_48","old","MPP"
"old_MPP_50","old","MPP"
"old_MPP_51","old","MPP"
"old_MPP_52","old","MPP"
"old_MPP_49","old","MPP"
"old_MPP_53","old","MPP"
"old_MPP_54","old","MPP"
"old_MPP_55","old","MPP"
"old_MPP_56","old","MPP"
"old_MPP_57","old","MPP"
"old_MPP_58","old","MPP"
"old_MPP_59","old","MPP"
"old_MPP_60","old","MPP"
"old_MPP_74","old","MPP"
"old_MPP_75","old","MPP"
"old_MPP_76","old","MPP"
"old_MPP_73","old","MPP"
"old_MPP_77","old","MPP"
"old_MPP_78","old","MPP"
"old_MPP_79","old","MPP"
"old_MPP_80","old","MPP"
"old_MPP_81","old","MPP"
"old_MPP_83","old","MPP"
"old_MPP_84","old","MPP"
"old_MPP_86","old","MPP"
"old_MPP_87","old","MPP"
"old_MPP_88","old","MPP"
"old_MPP_85","old","MPP"
"old_MPP_89","old","MPP"
"old_MPP_90","old","MPP"
"old_MPP_91","old","MPP"
"old_MPP_92","old","MPP"
"old_MPP_93","old","MPP"
"old_MPP_94","old","MPP"
"old_MPP_95","old","MPP"
"old_MPP_98","old","MPP"
"old_MPP_99","old","MPP"
"old_MPP_100","old","MPP"
"old_MPP_97","old","MPP"
"old_MPP_101","old","MPP"
"old_MPP_102","old","MPP"
"old_MPP_103","old","MPP"
"old_MPP_104","old","MPP"
"old_MPP_106","old","MPP"
"old_MPP_107","old","MPP"
"old_MPP_108","old","MPP"
"old_MPP_110","old","MPP"
"old_MPP_111","old","MPP"
"old_MPP_112","old","MPP"
"old_MPP_109","old","MPP"
"old_MPP_113","old","MPP"
"old_MPP_114","old","MPP"
"old_MPP_115","old","MPP"
"old_MPP_116","old","MPP"
"old_MPP_117","old","MPP"
"old_MPP_118","old","MPP"
"old_MPP_119","old","MPP"
"old_MPP_120","old","MPP"
"old_MPP_122","old","MPP"
"old_MPP_123","old","MPP"
"old_MPP_124","old","MPP"
"old_MPP_121","old","MPP"
"old_MPP_125","old","MPP"
"old_MPP_126","old","MPP"
"old_MPP_127","old","MPP"
"old_MPP_128","old","MPP"
"old_MPP_129","old","MPP"
"old_MPP_130","old","MPP"
"old_MPP_131","old","MPP"
"old_MPP_132","old","MPP"
"old_MPP_134","old","MPP"
"old_MPP_135","old","MPP"
"old_MPP_136","old","MPP"
"old_MPP_133","old","MPP"
"old_MPP_137","old","MPP"
"old_MPP_138","old","MPP"
"old_MPP_139","old","MPP"
"old_MPP_140","old","MPP"
"old_MPP_141","old","MPP"
"old_MPP_142","old","MPP"
"old_MPP_143","old","MPP"
"old_MPP_144","old","MPP"
"old_MPP_146","old","MPP"
"old_MPP_147","old","MPP"
"old_MPP_148","old","MPP"
"old_MPP_145","old","MPP"
"old_MPP_149","old","MPP"
"old_MPP_150","old","MPP"
"old_MPP_151","old","MPP"
"old_MPP_152","old","MPP"
"old_MPP_153","old","MPP"
"old_MPP_154","old","MPP"
"old_MPP_155","old","MPP"
"old_MPP_156","old","MPP"
"old_MPP_170","old","MPP"
"old_MPP_171","old","MPP"
"old_MPP_172","old","MPP"
"old_MPP_169","old","MPP"
"old_MPP_173","old","MPP"
"old_MPP_174","old","MPP"
"old_MPP_175","old","MPP"
"old_MPP_176","old","MPP"
"old_MPP_177","old","MPP"
"old_MPP_178","old","MPP"
"old_MPP_179","old","MPP"
"old_MPP_180","old","MPP"
